id,first_name,last_name
1,Michael,P.
2,Shawn,M.
3,Kathleen,P.
4,Jimmy,C.
5,Katherine,R.
6,Sarah,R.
7,Martin,M.
8,Frank,R.
9,Jennifer,F.
10,Henry,W.
11,Fred,S.
12,Amy,D.
13,Kathleen,M.
14,Jane,K.
15,Ricky,J.
16,Amanda,B.
17,Laney,B.
18,Gerald,C.
19,Anna,A.
20,Craig,H.
21,Amanda,A.
22,Billy,T.
23,Patrick,F.
24,Norma,W.
25,Max,S.
26,Dennis,W.
27,Sean,F.
28,Brandon,W.
29,Ann,G.
30,Dana,G.
31,Todd,P.
32,Kenneth,A.
33,Hazel,B.
34,Deborah,B.
35,Keith,K.
36,Rachel,P.
37,Ryan,S.
38,Diane,C.
39,Benjamin,M.
40,Denise,O.
41,Amy,G.
42,Brian,H.
43,Evelyn,M.
44,Ann,H.
45,Billy,M.
46,Patrick,R.
47,Susan,W.
48,Larry,D.
49,Barbara,H.
50,Beverly,H.
51,Jack,R.
52,Helen,B.
53,Earl,B.
54,Kelly,R.
55,Frank,W.
56,Emily,C.
57,Nicholas,H.
58,Donald,R.
59,Doris,S.
60,Frances,H.
61,Justin,G.
62,Gloria,H.
63,Mark,M.
64,Larry,R.
65,Daniel,L.
66,Amy,C.
67,Eric,M.
68,Sara,P.
69,Joan,M.
70,Mary,G.
71,Kathleen,H.
72,Louise,B.
73,Christopher,M.
74,Gloria,S.
75,Ruth,J.
76,Frances,W.
77,Susan,R.
78,Harold,W.
79,Alice,H.
80,Arthur,W.
81,Margaret,M.
82,Tammy,M.
83,Jennifer,P.
84,Nicole,M.
85,Susan,M.
86,Gary,B.
87,Johnny,R.
88,Joseph,M.
89,Virginia,T.
90,Lori,B.
91,Roger,W.
92,Christina,G.
93,Raymond,M.
94,Alice,R.
95,Jack,R.
96,Evelyn,H.
97,Kevin,R.
98,Judy,W.
99,Victor,L.
100,Sean,B.
